{
  "rm_curve": {
    "steps": [
      0,
      1,
      2,
      3,
      4,
      5
    ],
    "sft_baseline": -1.1791975437508238,
    "rl_tpo": [
      -1.244707951097098,
      -0.9334366863388684,
      -0.6792072653390722,
      -0.45385139289900495,
      -0.2783391890392183,
      -0.01820865558909058
    ]
  },
  "gain": "++1.161"
}